Date,Open,High,Low,Close,Adj Close,Volume
2014-01-02,16572,16573,16416,16441,16441,80960000
2014-01-03,16457,16519,16439,16470,16470,72770000
2014-01-06,16474,16533,16406,16425,16425,89380000
2014-01-07,16429,16562,16429,16531,16531,81270000
2014-01-08,16528,16529,16417,16463,16463,103260000
2014-01-09,16471,16525,16379,16445,16445,83990000
2014-01-10,16454,16488,16379,16437,16437,85190000
2014-01-13,16434,16453,16241,16258,16258,111680000
2014-01-14,16262,16374,16261,16374,16374,98610000
2014-01-15,16378,16505,16377,16482,16482,101130000
2014-01-16,16478,16478,16376,16417,16417,87370000
2014-01-17,16408,16495,16379,16459,16459,184970000
2014-01-21,16459,16521,16316,16414,16414,111570000
2014-01-22,16420,16453,16333,16373,16373,87470000
2014-01-23,16372,16373,16141,16197,16197,100540000
2014-01-24,16203,16203,15879,15879,15879,141450000
2014-01-27,15879,15943,15784,15838,15838,127540000
2014-01-28,15841,15946,15841,15929,15929,89110000
2014-01-29,15927,15927,15709,15739,15739,109590000
2014-01-30,15743,15908,15733,15849,15849,92100000
2014-01-31,15847,15847,15618,15699,15699,137090000
2014-02-03,15698,15709,15356,15373,15373,151050000
2014-02-04,15373,15482,15357,15445,15445,124110000
2014-02-05,15443,15478,15341,15440,15440,105130000
2014-02-06,15444,15632,15443,15629,15629,106980000
2014-02-07,15631,15799,15626,15794,15794,105780000
2014-02-10,15794,15802,15734,15802,15802,84110000
2014-02-11,15804,16027,15803,15995,15995,95930000
2014-02-12,15993,16037,15929,15964,15964,77310000
2014-02-13,15947,16039,15863,16028,16028,99470000
2014-02-14,16018,16176,15985,16154,16154,84060000
2014-02-18,16154,16167,16107,16130,16130,91250000
2014-02-19,16126,16226,16032,16041,16041,80560000
2014-02-20,16044,16162,16007,16133,16133,77720000
2014-02-21,16136,16192,16094,16103,16103,126580000
2014-02-24,16102,16300,16102,16207,16207,244580000
2014-02-25,16207,16254,16147,16180,16180,99470000
2014-02-26,16180,16252,16156,16198,16198,93980000
2014-02-27,16198,16276,16160,16273,16273,97640000
2014-02-28,16273,16399,16226,16322,16322,122110000
2014-03-03,16322,16322,16071,16168,16168,92760000
2014-03-04,16169,16419,16169,16396,16396,96120000
2014-03-05,16396,16407,16344,16360,16360,73980000
2014-03-06,16361,16450,16361,16422,16422,75900000
2014-03-07,16425,16506,16399,16453,16453,80690000
2014-03-10,16453,16453,16334,16419,16419,68210000
2014-03-11,16419,16460,16325,16351,16351,78150000
2014-03-12,16351,16365,16260,16340,16340,77900000
2014-03-13,16342,16405,16084,16109,16109,86160000
2014-03-14,16106,16165,16047,16066,16066,85660000
2014-03-17,16066,16270,16066,16247,16247,88930000
2014-03-18,16246,16370,16246,16336,16336,79140000
2014-03-19,16336,16363,16126,16222,16222,90110000
2014-03-20,16222,16354,16160,16331,16331,91530000
2014-03-21,16333,16456,16291,16303,16303,353670000
2014-03-24,16303,16381,16216,16277,16277,110620000
2014-03-25,16279,16407,16279,16368,16368,89110000
2014-03-26,16371,16466,16269,16269,16269,92770000
2014-03-27,16269,16301,16192,16264,16264,93650000
2014-03-28,16268,16415,16268,16323,16323,86370000
2014-03-31,16324,16481,16324,16458,16458,104510000
2014-04-01,16458,16566,16458,16533,16533,88010000
2014-04-02,16533,16588,16507,16573,16573,78120000
2014-04-03,16572,16604,16528,16573,16573,77220000
2014-04-04,16576,16632,16393,16413,16413,104350000
2014-04-07,16414,16421,16244,16246,16246,116540000
2014-04-08,16245,16297,16180,16256,16256,98510000
2014-04-09,16256,16439,16256,16437,16437,91550000
2014-04-10,16437,16456,16153,16170,16170,112550000
2014-04-11,16169,16169,16015,16027,16027,119550000
2014-04-14,16028,16185,16028,16173,16173,90020000
2014-04-15,16173,16273,16063,16263,16263,97850000
2014-04-16,16266,16425,16266,16425,16425,94650000
2014-04-17,16424,16460,16368,16409,16409,136190000
2014-04-21,16409,16460,16402,16449,16449,79500000
2014-04-22,16449,16566,16449,16514,16514,84830000
2014-04-23,16514,16526,16477,16502,16502,76830000
2014-04-24,16503,16541,16452,16502,16502,80340000
2014-04-25,16503,16503,16334,16361,16361,90630000
2014-04-28,16363,16500,16313,16449,16449,105510000
2014-04-29,16451,16559,16451,16535,16535,71240000
2014-04-30,16535,16592,16511,16581,16581,92970000
2014-05-01,16580,16605,16525,16559,16559,75630000
2014-05-02,16562,16620,16488,16513,16513,78910000
2014-05-05,16510,16548,16377,16531,16531,70320000
2014-05-06,16530,16530,16400,16401,16401,74340000
2014-05-07,16402,16523,16357,16519,16519,93870000
2014-05-08,16518,16623,16502,16551,16551,75620000
2014-05-09,16551,16589,16499,16583,16583,74980000
2014-05-12,16585,16705,16585,16695,16695,71550000
2014-05-13,16696,16736,16696,16715,16715,71340000
2014-05-14,16716,16718,16595,16614,16614,71970000
2014-05-15,16614,16623,16397,16447,16447,106610000
2014-05-16,16447,16499,16414,16491,16491,119330000
2014-05-19,16490,16526,16442,16512,16512,82180000
2014-05-20,16511,16511,16341,16374,16374,75150000
2014-05-21,16376,16545,16376,16533,16533,76730000
2014-05-22,16533,16565,16490,16543,16543,59250000
2014-05-23,16544,16613,16544,16606,16606,61340000
2014-05-27,16607,16689,16607,16676,16676,80870000
2014-05-28,16675,16675,16620,16633,16633,62480000
2014-05-29,16638,16699,16620,16699,16699,55500000
2014-05-30,16697,16721,16649,16717,16717,105190000
2014-06-02,16717,16757,16682,16744,16744,57560000
2014-06-03,16737,16737,16690,16722,16722,67830000
2014-06-04,16720,16743,16674,16738,16738,65570000
2014-06-05,16739,16846,16710,16836,16836,70460000
2014-06-06,16840,16924,16840,16924,16924,80530000
2014-06-09,16926,16970,16913,16943,16943,67130000
2014-06-10,16940,16946,16897,16946,16946,64560000
2014-06-11,16943,16943,16822,16844,16844,61860000
2014-06-12,16840,16842,16704,16734,16734,72560000
2014-06-13,16735,16788,16719,16776,16776,95220000
2014-06-16,16766,16802,16723,16781,16781,77900000
2014-06-17,16779,16824,16733,16808,16808,63530000
2014-06-18,16806,16911,16755,16907,16907,73720000
2014-06-19,16910,16923,16859,16921,16921,80220000
2014-06-20,16921,16978,16921,16947,16947,247350000
2014-06-23,16947,16954,16896,16937,16937,63640000
2014-06-24,16935,16970,16805,16818,16818,80220000
2014-06-25,16818,16884,16799,16868,16868,73920000
2014-06-26,16867,16873,16746,16846,16846,63650000
2014-06-27,16847,16863,16774,16852,16852,137690000
2014-06-30,16852,16871,16802,16827,16827,90360000
2014-07-01,16829,16999,16829,16956,16956,74050000
2014-07-02,16950,16987,16950,16976,16976,57840000
2014-07-03,16979,17075,16979,17068,17068,66800000
2014-07-07,17064,17064,16992,17024,17024,61480000
2014-07-08,17022,17022,16875,16907,16907,75250000
2014-07-09,16917,16999,16914,16986,16986,67120000
2014-07-10,16980,16980,16805,16915,16915,67510000
2014-07-11,16918,16949,16860,16944,16944,61000000
2014-07-14,16951,17088,16951,17055,17055,60570000
2014-07-15,17055,17120,17006,17061,17061,101730000
2014-07-16,17062,17139,17062,17138,17138,111500000
2014-07-17,17133,17152,16966,16977,16977,99240000
2014-07-18,16978,17114,16978,17100,17100,112530000
2014-07-21,17095,17095,16974,17052,17052,67590000
2014-07-22,17055,17133,17040,17114,17114,77960000
2014-07-23,17117,17121,17058,17087,17087,73440000
2014-07-24,17092,17120,17061,17084,17084,66390000
2014-07-25,17080,17082,16916,16961,16961,67290000
2014-07-28,16957,17001,16878,16983,16983,66190000
2014-07-29,16984,17056,16912,16912,16912,75980000
2014-07-30,16920,16984,16817,16880,16880,77750000
2014-07-31,16870,16870,16563,16563,16563,101670000
2014-08-01,16562,16585,16437,16493,16493,84860000
2014-08-04,16494,16596,16447,16569,16569,76260000
2014-08-05,16560,16560,16370,16429,16429,76630000
2014-08-06,16425,16491,16372,16443,16443,78600000
2014-08-07,16448,16504,16334,16368,16368,80430000
2014-08-08,16370,16557,16364,16554,16554,82420000
2014-08-11,16557,16628,16557,16570,16570,65560000
2014-08-12,16566,16589,16518,16561,16561,62770000
2014-08-13,16568,16670,16568,16652,16652,66020000
2014-08-14,16657,16714,16652,16714,16714,62370000
2014-08-15,16717,16775,16575,16663,16663,109180000
2014-08-18,16664,16840,16664,16839,16839,75670000
2014-08-19,16839,16929,16839,16920,16920,67220000
2014-08-20,16910,16995,16897,16979,16979,61960000
2014-08-21,16984,17075,16984,17039,17039,65160000
2014-08-22,17038,17064,16985,17001,17001,64330000
2014-08-25,17012,17125,17012,17077,17077,57400000
2014-08-26,17080,17154,17080,17107,17107,50710000
2014-08-27,17111,17135,17091,17122,17122,61690000
2014-08-28,17119,17119,17018,17080,17080,51860000
2014-08-29,17083,17110,17035,17098,17098,81500000
2014-09-02,17097,17114,17009,17068,17068,64820000
2014-09-03,17067,17152,17060,17078,17078,62770000
2014-09-04,17084,17162,17030,17070,17070,68120000
2014-09-05,17066,17137,17010,17137,17137,76630000
2014-09-08,17132,17138,17079,17111,17111,65640000
2014-09-09,17110,17112,16993,17014,17014,69030000
2014-09-10,17016,17080,16975,17069,17069,76780000
2014-09-11,17057,17057,16984,17049,17049,63650000
2014-09-12,17044,17044,16938,16988,16988,82820000
2014-09-15,16989,17052,16951,17031,17031,71740000
2014-09-16,17027,17167,16986,17132,17132,73200000
2014-09-17,17131,17221,17089,17157,17157,87810000
2014-09-18,17164,17275,17164,17266,17266,85300000
2014-09-19,17267,17351,17257,17280,17280,349620000
2014-09-22,17272,17278,17159,17173,17173,74300000
2014-09-23,17166,17172,17056,17056,17056,77090000
2014-09-24,17057,17227,17034,17210,17210,80530000
2014-09-25,17205,17205,16946,16946,16946,93520000
2014-09-26,16949,17148,16948,17113,17113,74670000
2014-09-29,17108,17108,16934,17071,17071,70220000
2014-09-30,17070,17145,17017,17043,17043,102290000
2014-10-01,17040,17041,16776,16805,16805,104240000
2014-10-02,16808,16857,16674,16801,16801,75490000
2014-10-03,16802,17028,16802,17010,17010,87940000
2014-10-06,17010,17099,16930,16992,16992,655450000
2014-10-07,16988,16988,16716,16719,16719,79420000
2014-10-08,16719,17007,16663,16994,16994,106930000
2014-10-09,16989,16989,16649,16659,16659,93210000
2014-10-10,16655,16758,16544,16544,16544,136370000
2014-10-13,16535,16602,16310,16321,16321,107830000
2014-10-14,16322,16464,16274,16315,16315,110410000
2014-10-15,16313,16313,15855,16142,16142,160380000
2014-10-16,16137,16211,15935,16117,16117,131670000
2014-10-17,16118,16427,16118,16380,16380,137910000
2014-10-20,16373,16402,16261,16400,16400,94320000
2014-10-21,16406,16621,16406,16615,16615,105110000
2014-10-22,16615,16654,16460,16461,16461,92050000
2014-10-23,16468,16768,16468,16678,16678,99420000
2014-10-24,16677,16812,16650,16805,16805,90400000
2014-10-27,16796,16837,16730,16818,16818,72580000
2014-10-28,16825,17006,16825,17006,17006,83870000
2014-10-29,17005,17066,16895,16974,16974,76450000
2014-10-30,16968,17224,16921,17195,17195,80180000
2014-10-31,17209,17396,17209,17391,17391,121610000
2014-11-03,17391,17411,17340,17366,17366,80030000
2014-11-04,17369,17397,17278,17384,17384,81390000
2014-11-05,17386,17487,17386,17485,17485,76030000
2014-11-06,17492,17560,17440,17554,17554,70670000
2014-11-07,17559,17575,17493,17574,17574,82860000
2014-11-10,17569,17622,17548,17614,17614,71430000
2014-11-11,17616,17638,17585,17615,17615,52880000
2014-11-12,17605,17627,17536,17612,17612,75980000
2014-11-13,17619,17705,17584,17653,17653,80540000
2014-11-14,17653,17664,17613,17635,17635,72850000
2014-11-17,17632,17675,17607,17648,17648,70330000
2014-11-18,17643,17736,17642,17688,17688,87420000
2014-11-19,17686,17712,17625,17686,17686,73780000
2014-11-20,17677,17720,17604,17719,17719,77740000
2014-11-21,17721,17895,17721,17810,17810,140940000
2014-11-24,17813,17855,17793,17818,17818,85510000
2014-11-25,17819,17855,17791,17815,17815,88190000
2014-11-26,17812,17834,17791,17828,17828,67450000
2014-11-28,17831,17893,17808,17828,17828,80470000
2014-12-01,17827,17827,17727,17777,17777,86390000
2014-12-02,17779,17897,17779,17880,17880,81970000
2014-12-03,17881,17924,17856,17913,17913,99400000
2014-12-04,17910,17938,17815,17900,17900,76270000
2014-12-05,17903,17991,17903,17959,17959,79110000
2014-12-08,17955,17961,17804,17852,17852,88680000
2014-12-09,17847,17847,17630,17801,17801,100400000
2014-12-10,17798,17798,17508,17533,17533,115100000
2014-12-11,17534,17759,17534,17596,17596,90100000
2014-12-12,17590,17590,17281,17281,17281,121950000
2014-12-15,17286,17404,17115,17181,17181,114050000
2014-12-16,17173,17427,17068,17069,17069,116640000
2014-12-17,17069,17389,17069,17357,17357,118220000
2014-12-18,17368,17778,17368,17778,17778,123940000
2014-12-19,17778,17874,17747,17805,17805,343690000
2014-12-22,17812,17963,17812,17959,17959,98460000
2014-12-23,17972,18069,17970,18024,18024,82890000
2014-12-24,18036,18086,18028,18030,18030,42870000
2014-12-26,18038,18103,18038,18054,18054,52570000
2014-12-29,18047,18073,18022,18038,18038,53870000
2014-12-30,18035,18035,17960,17983,17983,47490000
2014-12-31,17988,18043,17821,17823,17823,82840000
2015-01-02,17823,17952,17731,17833,17833,76270000
2015-01-05,17821,17821,17476,17502,17502,116160000
2015-01-06,17504,17581,17262,17372,17372,101870000
2015-01-07,17375,17597,17375,17585,17585,91030000
2015-01-08,17592,17916,17592,17908,17908,114890000
2015-01-09,17911,17915,17686,17737,17737,93390000
2015-01-12,17742,17794,17572,17641,17641,92500000
2015-01-13,17645,17923,17498,17614,17614,99360000
2015-01-14,17609,17609,17265,17427,17427,109180000
2015-01-15,17436,17517,17298,17321,17321,94520000
2015-01-16,17320,17528,17244,17512,17512,140480000
2015-01-20,17517,17589,17347,17515,17515,119600000
2015-01-21,17510,17600,17396,17554,17554,95530000
2015-01-22,17557,17841,17483,17814,17814,111980000
2015-01-23,17813,17813,17668,17673,17673,97110000
2015-01-26,17668,17696,17568,17679,17679,87220000
2015-01-27,17639,17639,17288,17387,17387,135940000
2015-01-28,17403,17484,17189,17191,17191,115980000
2015-01-29,17195,17433,17136,17417,17417,111690000
2015-01-30,17417,17420,17157,17165,17165,168560000
2015-02-02,17170,17368,17038,17361,17361,108090000
2015-02-03,17370,17671,17370,17666,17666,112860000
2015-02-04,17665,17782,17603,17673,17673,102560000
2015-02-05,17677,17890,17677,17885,17885,79890000
2015-02-06,17882,17951,17764,17824,17824,93610000
2015-02-09,17821,17821,17685,17729,17729,81590000
2015-02-10,17736,17890,17729,17869,17869,89930000
2015-02-11,17868,17897,17760,17862,17862,89890000
2015-02-12,17862,17976,17862,17972,17972,117160000
2015-02-13,17969,18037,17962,18019,18019,85230000
2015-02-17,18020,18052,17951,18048,18048,98760000
2015-02-18,18046,18049,17982,18030,18030,75090000
2015-02-19,18029,18029,17925,17986,17986,79130000
2015-02-20,17986,18144,17878,18140,18140,111390000
2015-02-23,18141,18141,18055,18117,18117,83670000
2015-02-24,18113,18231,18099,18209,18209,79310000
2015-02-25,18209,18244,18183,18225,18225,80480000
2015-02-26,18224,18239,18157,18214,18214,81500000
2015-02-27,18213,18213,18132,18133,18133,101110000
2015-03-02,18134,18289,18123,18289,18289,89790000
2015-03-03,18282,18282,18137,18203,18203,83830000
2015-03-04,18203,18203,18030,18097,18097,80900000
2015-03-05,18097,18160,18088,18136,18136,75840000
2015-03-06,18136,18136,17825,17857,17857,113350000
2015-03-09,17857,18031,17857,17996,17996,85820000
2015-03-10,17990,17990,17663,17663,17663,120450000
2015-03-11,17663,17732,17627,17635,17635,102120000
2015-03-12,17627,17900,17620,17895,17895,111550000
2015-03-13,17889,17889,17630,17749,17749,113620000
2015-03-16,17751,17989,17751,17977,17977,101760000
2015-03-17,17972,17972,17786,17849,17849,82560000
2015-03-18,17847,18097,17698,18076,18076,130950000
2015-03-19,18073,18073,17934,17959,17959,107820000
2015-03-20,17961,18197,17961,18128,18128,333870000
2015-03-23,18137,18206,18116,18116,18116,98030000
2015-03-24,18111,18149,18010,18011,18011,87190000
2015-03-25,18013,18042,17719,17719,17719,106560000
2015-03-26,17716,17760,17579,17678,17678,117740000
2015-03-27,17674,17729,17630,17713,17713,103220000
2015-03-30,17727,18009,17727,17976,17976,104040000
2015-03-31,17965,17965,17773,17776,17776,119470000
2015-04-01,17779,17779,17585,17698,17698,103360000
2015-04-02,17700,17815,17673,17763,17763,87370000
2015-04-06,17756,17942,17647,17881,17881,100850000
2015-04-07,17884,17983,17871,17875,17875,72150000
2015-04-08,17878,17976,17822,17903,17903,76820000
2015-04-09,17903,17984,17823,17959,17959,86740000
2015-04-10,17957,18067,17946,18058,18058,116410000
2015-04-13,18052,18108,17975,17977,17977,120090000
2015-04-14,17979,18076,17905,18037,18037,82830000
2015-04-15,18046,18161,18046,18113,18113,113610000
2015-04-16,18106,18169,18064,18106,18106,89520000
2015-04-17,18103,18103,17749,17826,17826,138860000
2015-04-20,17841,18092,17841,18035,18035,103160000
2015-04-21,18034,18110,17930,17950,17950,95180000
2015-04-22,17951,18056,17888,18038,18038,91260000
2015-04-23,18032,18133,17967,18059,18059,100240000
2015-04-24,18056,18109,18009,18080,18080,119130000
2015-04-27,18098,18176,18025,18038,18038,121110000
2015-04-28,18036,18120,17917,18110,18110,124930000
2015-04-29,18094,18096,17954,18036,18036,102080000
2015-04-30,18033,18033,17775,17841,17841,129180000
2015-05-01,17859,18029,17859,18024,18024,91700000
2015-05-04,18026,18134,18026,18070,18070,86010000
2015-05-05,18063,18086,17906,17928,17928,95340000
2015-05-06,17935,18020,17733,17842,17842,100430000
2015-05-07,17840,17973,17797,17924,17924,80920000
2015-05-08,17934,18205,17934,18191,18191,94960000
2015-05-11,18188,18200,18089,18105,18105,86050000
2015-05-12,18096,18119,17925,18068,18068,89270000
2015-05-13,18070,18133,18039,18060,18060,85180000
2015-05-14,18062,18255,18062,18252,18252,91580000
2015-05-15,18252,18273,18215,18273,18273,108220000
2015-05-18,18267,18326,18244,18299,18299,79080000
2015-05-19,18300,18351,18261,18312,18312,87200000
2015-05-20,18315,18350,18273,18285,18285,80190000
2015-05-21,18286,18315,18250,18286,18286,84270000
2015-05-22,18287,18287,18217,18232,18232,78890000
2015-05-26,18230,18230,17990,18042,18042,109440000
2015-05-27,18045,18190,18045,18163,18163,96400000
2015-05-28,18154,18154,18066,18126,18126,67510000
2015-05-29,18128,18128,17968,18011,18011,139810000
2015-06-01,18018,18106,17982,18040,18040,85640000
2015-06-02,18033,18092,17925,18012,18012,77550000
2015-06-03,18018,18168,18010,18076,18076,73120000
2015-06-04,18072,18087,17877,17906,17906,93470000
2015-06-05,17905,17941,17823,17849,17849,89140000
2015-06-08,17849,17852,17761,17767,17767,86300000
2015-06-09,17767,17818,17715,17764,17764,90550000
2015-06-10,17765,18045,17765,18000,18000,96980000
2015-06-11,18001,18110,18001,18039,18039,89490000
2015-06-12,18036,18036,17857,17899,17899,83760000
2015-06-15,17891,17891,17698,17791,17791,91920000
2015-06-16,17787,17920,17774,17904,17904,77510000
2015-06-17,17910,17998,17840,17936,17936,92410000
2015-06-18,17945,18175,17945,18116,18116,94460000
2015-06-19,18116,18118,18011,18016,18016,258300000
2015-06-22,18028,18182,18028,18120,18120,77780000
2015-06-23,18122,18189,18108,18144,18144,75970000
2015-06-24,18139,18139,17966,17966,17966,104980000
2015-06-25,17977,18036,17890,17890,17890,78990000
2015-06-26,17892,18013,17892,17947,17947,158120000
2015-06-29,17937,17937,17591,17596,17596,116340000
2015-06-30,17600,17715,17577,17620,17620,126460000
2015-07-01,17638,17802,17638,17758,17758,87010000
2015-07-02,17763,17825,17688,17730,17730,83080000
2015-07-06,17728,17734,17564,17684,17684,90130000
2015-07-07,17685,17793,17466,17777,17777,105840000
2015-07-08,17759,17759,17496,17515,17515,69830000
2015-07-09,17530,17765,17530,17549,17549,100520000
2015-07-10,17561,17797,17561,17760,17760,85800000
2015-07-13,17787,17988,17787,17978,17978,86380000
2015-07-14,17975,18073,17956,18054,18054,76740000
2015-07-15,18053,18090,18010,18050,18050,80460000
2015-07-16,18078,18132,18065,18120,18120,85030000
2015-07-17,18118,18121,18032,18086,18086,106510000
2015-07-20,18086,18137,18065,18100,18100,75060000
2015-07-21,18097,18097,17868,17919,17919,100170000
2015-07-22,17918,17919,17807,17851,17851,112370000
2015-07-23,17854,17861,17705,17732,17732,88600000
2015-07-24,17731,17757,17554,17569,17569,103470000
2015-07-27,17562,17562,17399,17441,17441,117860000
2015-07-28,17450,17650,17450,17630,17630,103450000
2015-07-29,17631,17777,17629,17751,17751,93140000
2015-07-30,17743,17761,17641,17746,17746,76650000
2015-07-31,17756,17784,17672,17690,17690,106120000
2015-08-03,17697,17705,17497,17598,17598,87880000
2015-08-04,17597,17636,17506,17551,17551,99060000
2015-08-05,17555,17661,17493,17540,17540,102450000
2015-08-06,17543,17572,17363,17420,17420,96170000
2015-08-07,17415,17415,17279,17373,17373,81800000
2015-08-10,17375,17629,17375,17615,17615,92430000
2015-08-11,17594,17594,17353,17403,17403,103010000
2015-08-12,17383,17424,17126,17403,17403,120400000
2015-08-13,17402,17482,17341,17408,17408,88550000
2015-08-14,17410,17493,17394,17477,17477,82120000
2015-08-17,17473,17551,17342,17545,17545,73380000
2015-08-18,17537,17568,17486,17511,17511,79900000
2015-08-19,17509,17517,17282,17349,17349,104720000
2015-08-20,17345,17345,16991,16991,16991,128530000
2015-08-21,16991,16991,16460,16460,16460,225170000
2015-08-24,16460,16460,15370,15871,15871,293920000
2015-08-25,15882,16313,15651,15666,15666,213220000
2015-08-26,15676,16304,15676,16286,16286,208420000
2015-08-27,16286,16667,16286,16655,16655,171980000
2015-08-28,16649,16670,16535,16643,16643,131790000
2015-08-31,16632,16632,16444,16528,16528,141440000
2015-09-01,16528,16528,15980,16058,16058,171390000
2015-09-02,16058,16353,16058,16351,16351,133480000
2015-09-03,16364,16550,16317,16375,16375,109730000
2015-09-04,16372,16372,16027,16102,16102,127270000
2015-09-08,16110,16503,16110,16493,16493,123870000
2015-09-09,16505,16665,16220,16254,16254,118790000
2015-09-10,16253,16442,16212,16330,16330,122690000
2015-09-11,16330,16435,16245,16433,16433,104630000
2015-09-14,16451,16451,16331,16371,16371,92660000
2015-09-15,16383,16644,16383,16600,16600,93050000
2015-09-16,16600,16756,16594,16740,16740,99620000
2015-09-17,16738,16933,16640,16675,16675,129600000
2015-09-18,16675,16675,16344,16385,16385,341690000
2015-09-21,16406,16579,16392,16510,16510,90730000
2015-09-22,16477,16477,16222,16330,16330,119010000
2015-09-23,16333,16355,16212,16280,16280,86030000
2015-09-24,16257,16257,16016,16201,16201,122220000
2015-09-25,16205,16465,16205,16315,16315,130790000
2015-09-28,16313,16313,15982,16002,16002,139930000
2015-09-29,16002,16119,15942,16049,16049,121160000
2015-09-30,16057,16298,16057,16285,16285,145740000
2015-10-01,16279,16349,16074,16272,16272,111420000
2015-10-02,16258,16473,16014,16472,16472,136870000
2015-10-05,16502,16798,16502,16776,16776,127660000
2015-10-06,16774,16865,16746,16790,16790,120010000
2015-10-07,16805,16963,16765,16912,16912,115690000
2015-10-08,16904,17081,16859,17051,17051,100730000
2015-10-09,17055,17111,17027,17084,17084,103730000
2015-10-12,17082,17139,17065,17132,17132,72500000
2015-10-13,17114,17173,17034,17082,17082,99400000
2015-10-14,17079,17111,16888,16925,16925,120110000
2015-10-15,16945,17144,16934,17142,17142,122960000
2015-10-16,17142,17220,17107,17216,17216,145880000
2015-10-19,17209,17236,17129,17231,17231,118430000
2015-10-20,17228,17265,17148,17217,17217,106670000
2015-10-21,17226,17315,17153,17169,17169,107100000
2015-10-22,17181,17505,17181,17489,17489,152420000
2015-10-23,17525,17679,17525,17647,17647,158090000
2015-10-26,17650,17661,17603,17623,17623,116660000
2015-10-27,17609,17635,17541,17581,17581,113960000
2015-10-28,17587,17780,17557,17780,17780,115630000
2015-10-29,17772,17786,17685,17756,17756,90300000
2015-10-30,17757,17800,17663,17664,17664,149250000
2015-11-02,17673,17846,17655,17829,17829,100840000
2015-11-03,17820,17978,17796,17918,17918,92290000
2015-11-04,17930,17964,17829,17868,17868,99890000
2015-11-05,17871,17930,17779,17863,17863,98910000
2015-11-06,17855,17912,17769,17910,17910,107450000
2015-11-09,17901,17901,17668,17730,17730,121210000
2015-11-10,17724,17769,17658,17758,17758,108640000
2015-11-11,17770,17807,17697,17702,17702,95230000
2015-11-12,17692,17692,17444,17448,17448,113660000
2015-11-13,17439,17439,17239,17245,17245,134640000
2015-11-16,17230,17483,17210,17483,17483,137590000
2015-11-17,17487,17599,17451,17490,17490,167190000
2015-11-18,17485,17752,17485,17737,17737,106810000
2015-11-19,17740,17773,17682,17733,17733,114630000
2015-11-20,17733,17914,17733,17824,17824,153140000
2015-11-23,17824,17868,17752,17793,17793,134680000
2015-11-24,17771,17863,17684,17812,17812,127170000
2015-11-25,17821,17855,17802,17813,17813,82540000
2015-11-27,17806,17830,17749,17813,17813,82540000
2015-11-30,17803,17837,17720,17720,17720,155560000
2015-12-01,17720,17896,17720,17888,17888,103880000
2015-12-02,17883,17902,17708,17730,17730,102860000
2015-12-03,17742,17781,17426,17478,17478,126990000
2015-12-04,17483,17866,17483,17848,17848,137650000
2015-12-07,17845,17845,17639,17731,17731,99670000
2015-12-08,17704,17704,17485,17568,17568,113720000
2015-12-09,17558,17768,17404,17492,17492,122020000
2015-12-10,17493,17698,17475,17575,17575,107310000
2015-12-11,17575,17575,17231,17265,17265,134510000
2015-12-14,17277,17378,17138,17369,17369,142540000
2015-12-15,17375,17628,17341,17525,17525,123430000
2015-12-16,17531,17784,17484,17749,17749,123790000
2015-12-17,17757,17797,17494,17496,17496,115780000
2015-12-18,17495,17497,17124,17129,17129,344560000
2015-12-21,17155,17272,17117,17252,17252,114910000
2015-12-22,17254,17451,17243,17417,17417,91570000
2015-12-23,17428,17608,17428,17603,17603,92820000
2015-12-24,17593,17606,17544,17552,17552,40350000
2015-12-28,17536,17537,17437,17528,17528,59770000
2015-12-29,17547,17750,17547,17721,17721,69860000
2015-12-30,17712,17714,17589,17604,17604,59760000
2015-12-31,17591,17591,17421,17425,17425,93690000
2016-01-04,17405,17405,16958,17149,17149,148060000
2016-01-05,17148,17196,17039,17159,17159,105750000
2016-01-06,17155,17155,16818,16907,16907,120250000
2016-01-07,16888,16888,16464,16514,16514,176240000
2016-01-08,16519,16652,16315,16346,16346,141850000
2016-01-11,16359,16462,16232,16399,16399,127790000
2016-01-12,16419,16591,16322,16516,16516,117480000
2016-01-13,16527,16594,16123,16151,16151,153530000
2016-01-14,16159,16482,16075,16379,16379,158830000
2016-01-15,16354,16354,15842,15988,15988,239210000
2016-01-19,16009,16172,15900,16016,16016,144360000
2016-01-20,15989,15989,15451,15767,15767,191870000
2016-01-21,15769,16039,15705,15883,15883,145140000
2016-01-22,15921,16137,15921,16094,16094,145850000
2016-01-25,16086,16086,15880,15885,15885,123250000
2016-01-26,15893,16186,15893,16167,16167,118210000
2016-01-27,16169,16235,15878,15944,15944,138350000
2016-01-28,15960,16102,15864,16070,16070,130120000
2016-01-29,16090,16466,16090,16466,16466,217940000
2016-02-01,16454,16511,16299,16449,16449,114450000
2016-02-02,16420,16420,16108,16154,16154,126210000
2016-02-03,16186,16382,15960,16337,16337,141870000
2016-02-04,16330,16486,16266,16417,16417,131490000
2016-02-05,16418,16424,16130,16205,16205,139010000
2016-02-08,16148,16148,15804,16027,16027,165880000
2016-02-09,16005,16137,15881,16014,16014,127740000
2016-02-10,16036,16202,15900,15915,15915,122290000
2016-02-11,15898,15898,15503,15660,15660,172070000
2016-02-12,15692,15974,15692,15974,15974,132550000
2016-02-16,16012,16196,16012,16196,16196,142030000
2016-02-17,16218,16486,16218,16454,16454,124080000
2016-02-18,16484,16512,16390,16413,16413,104950000
2016-02-19,16411,16411,16278,16392,16392,134340000
2016-02-22,16417,16664,16417,16621,16621,102240000
2016-02-23,16610,16610,16404,16432,16432,98170000
2016-02-24,16419,16507,16166,16485,16485,93620000
2016-02-25,16504,16698,16458,16697,16697,94120000
2016-02-26,16713,16796,16624,16640,16640,98480000
2016-02-29,16634,16726,16510,16517,16517,126220000
2016-03-01,16546,16866,16546,16865,16865,105050000
2016-03-02,16851,16900,16766,16899,16899,104470000
2016-03-03,16896,16944,16821,16944,16944,91110000
2016-03-04,16945,17062,16899,17007,17007,106910000
2016-03-07,16991,17099,16940,17074,17074,100290000
2016-03-08,17051,17073,16922,16964,16964,108380000
2016-03-09,16969,17049,16948,17000,17000,116690000
2016-03-10,17006,17130,16822,16995,16995,117570000
2016-03-11,17015,17220,17015,17213,17213,123420000
2016-03-14,17207,17275,17161,17229,17229,96350000
2016-03-15,17217,17252,17120,17252,17252,92830000
2016-03-16,17249,17379,17204,17326,17326,118710000
2016-03-17,17321,17529,17298,17481,17481,117990000
2016-03-18,17481,17621,17481,17602,17602,321230000
2016-03-21,17590,17645,17551,17624,17624,84410000
2016-03-22,17603,17649,17540,17583,17583,95450000
2016-03-23,17589,17589,17486,17503,17503,84240000
2016-03-24,17485,17517,17399,17516,17516,84100000
2016-03-28,17526,17584,17493,17535,17535,70460000
2016-03-29,17513,17643,17434,17633,17633,86160000
2016-03-30,17652,17790,17652,17717,17717,79330000
2016-03-31,17716,17756,17670,17685,17685,102600000
2016-04-01,17662,17811,17568,17793,17793,104890000
2016-04-04,17799,17806,17711,17737,17737,85230000
2016-04-05,17718,17718,17580,17603,17603,115230000
2016-04-06,17605,17724,17543,17716,17716,99410000
2016-04-07,17687,17687,17484,17542,17542,90120000
2016-04-08,17555,17695,17528,17577,17577,79990000
2016-04-11,17586,17732,17556,17556,17556,107100000
2016-04-12,17571,17744,17554,17721,17721,81020000
2016-04-13,17742,17918,17742,17908,17908,91710000
2016-04-14,17912,17962,17885,17926,17926,84510000
2016-04-15,17926,17938,17867,17897,17897,118160000
2016-04-18,17890,18010,17848,18004,18004,89390000
2016-04-19,18012,18103,17984,18054,18054,89820000
2016-04-20,18059,18168,18031,18096,18096,100210000
2016-04-21,18093,18107,17964,17983,17983,102720000
2016-04-22,17985,18027,17910,18004,18004,134120000
2016-04-25,17991,17991,17856,17977,17977,83770000
2016-04-26,17987,18044,17934,17990,17990,92570000
2016-04-27,17996,18085,17920,18042,18042,109090000
2016-04-28,18024,18036,17797,17831,17831,100920000
2016-04-29,17813,17815,17652,17774,17774,136670000
2016-05-02,17784,17912,17774,17891,17891,80100000
2016-05-03,17871,17871,17671,17751,17751,97060000
2016-05-04,17735,17738,17609,17651,17651,95020000
2016-05-05,17664,17736,17616,17661,17661,81530000
2016-05-06,17650,17745,17580,17741,17741,80020000
2016-05-09,17744,17783,17668,17706,17706,85590000
2016-05-10,17727,17935,17727,17928,17928,75790000
2016-05-11,17919,17919,17711,17711,17711,87390000
2016-05-12,17711,17798,17625,17721,17721,88560000
2016-05-13,17711,17735,17512,17535,17535,86640000
2016-05-16,17532,17756,17532,17711,17711,88440000
2016-05-17,17701,17701,17470,17530,17530,103260000
2016-05-18,17501,17636,17418,17527,17527,79120000
2016-05-19,17514,17514,17331,17435,17435,95530000
2016-05-20,17437,17572,17437,17501,17501,111990000
2016-05-23,17507,17551,17480,17493,17493,87790000
2016-05-24,17525,17743,17525,17706,17706,86480000
2016-05-25,17735,17892,17735,17852,17852,79180000
2016-05-26,17860,17889,17804,17828,17828,68940000
2016-05-27,17827,17873,17825,17873,17873,73190000
2016-05-31,17892,17899,17724,17787,17787,147390000
2016-06-01,17755,17809,17665,17790,17790,78530000
2016-06-02,17789,17839,17704,17839,17839,75560000
2016-06-03,17800,17833,17690,17807,17807,82270000
2016-06-06,17826,17950,17823,17920,17920,71870000
2016-06-07,17936,18003,17936,17938,17938,78750000
2016-06-08,17932,18016,17932,18005,18005,71260000
2016-06-09,17970,18005,17916,17985,17985,69690000
2016-06-10,17939,17939,17812,17865,17865,90540000
2016-06-13,17831,17893,17731,17732,17732,101690000
2016-06-14,17711,17734,17596,17675,17675,93740000
2016-06-15,17704,17763,17629,17640,17640,94130000
2016-06-16,17602,17755,17471,17733,17733,91950000
2016-06-17,17733,17733,17603,17675,17675,248680000
2016-06-20,17737,17946,17737,17805,17805,99380000
2016-06-21,17827,17878,17800,17830,17830,85130000
2016-06-22,17833,17920,17770,17781,17781,89440000
2016-06-23,17844,18011,17844,18011,18011,98070000
2016-06-24,17947,17947,17356,17401,17401,239000000
2016-06-27,17355,17355,17063,17140,17140,138740000
2016-06-28,17191,17410,17191,17410,17410,112190000
2016-06-29,17456,17705,17456,17695,17695,106380000
2016-06-30,17713,17931,17712,17930,17930,133030000
2016-07-01,17924,18002,17917,17949,17949,82160000
2016-07-05,17904,17904,17785,17841,17841,103650000
2016-07-06,17807,17927,17713,17919,17919,93000000
2016-07-07,17924,17985,17817,17896,17896,81570000
2016-07-08,17971,18167,17971,18147,18147,93460000
2016-07-11,18162,18284,18162,18227,18227,80880000
2016-07-12,18259,18372,18259,18348,18348,90170000
2016-07-13,18357,18390,18316,18372,18372,80920000
2016-07-14,18414,18538,18414,18506,18506,87050000
2016-07-15,18509,18557,18472,18517,18517,123690000
2016-07-18,18522,18556,18490,18533,18533,75540000
2016-07-19,18503,18563,18495,18559,18559,85840000
2016-07-20,18583,18622,18556,18595,18595,93230000
2016-07-21,18590,18590,18470,18517,18517,86800000
2016-07-22,18524,18571,18492,18571,18571,87710000
2016-07-25,18554,18556,18453,18493,18493,76810000
2016-07-26,18497,18522,18387,18474,18474,85370000
2016-07-27,18473,18542,18431,18472,18472,111370000
2016-07-28,18461,18483,18369,18456,18456,85750000
2016-07-29,18443,18467,18371,18432,18432,111550000
2016-08-01,18435,18467,18356,18405,18405,83470000
2016-08-02,18401,18404,18248,18314,18314,89680000
2016-08-03,18313,18355,18283,18355,18355,78550000
2016-08-04,18351,18398,18325,18352,18352,64500000
2016-08-05,18403,18544,18403,18544,18544,92420000
2016-08-08,18542,18569,18502,18529,18529,71810000
2016-08-09,18538,18585,18508,18533,18533,60090000
2016-08-10,18541,18562,18469,18496,18496,62780000
2016-08-11,18519,18638,18519,18614,18614,71470000
2016-08-12,18596,18606,18536,18576,18576,61580000
2016-08-15,18589,18723,18560,18636,18636,62350000
2016-08-16,18614,18615,18551,18552,18552,67570000
2016-08-17,18537,18582,18469,18574,18574,71000000
2016-08-18,18567,18601,18533,18598,18598,70740000
2016-08-19,18585,18585,18491,18553,18553,93170000
2016-08-22,18536,18571,18467,18529,18529,73450000
2016-08-23,18569,18632,18546,18547,18547,73990000
2016-08-24,18538,18539,18448,18481,18481,72270000
2016-08-25,18471,18498,18431,18448,18448,64480000
2016-08-26,18468,18572,18335,18395,18395,78730000
2016-08-29,18421,18523,18420,18503,18503,64480000
2016-08-30,18491,18514,18409,18454,18454,68920000
2016-08-31,18437,18440,18334,18401,18401,98250000
2016-09-01,18397,18430,18295,18419,18419,74780000
2016-09-02,18466,18545,18439,18492,18492,74350000
2016-09-06,18493,18552,18450,18538,18538,83710000
2016-09-07,18528,18537,18475,18526,18526,67570000
2016-09-08,18487,18506,18447,18480,18480,79060000
2016-09-09,18404,18404,18085,18085,18085,120670000
2016-09-12,18029,18359,17995,18325,18325,103260000
2016-09-13,18263,18263,18028,18067,18067,102830000
2016-09-14,18073,18163,17992,18035,18035,103360000
2016-09-15,18025,18250,18015,18212,18212,99550000
2016-09-16,18217,18217,18070,18124,18124,278510000
2016-09-19,18155,18255,18093,18120,18120,78090000
2016-09-20,18175,18227,18129,18130,18130,72450000
2016-09-21,18165,18307,18122,18294,18294,94090000
2016-09-22,18344,18450,18344,18392,18392,73030000
2016-09-23,18377,18384,18255,18261,18261,87170000
2016-09-26,18218,18218,18083,18095,18095,95510000
2016-09-27,18099,18238,18052,18228,18228,84130000
2016-09-28,18240,18350,18179,18339,18339,97650000
2016-09-29,18323,18366,18092,18143,18143,95880000
2016-09-30,18182,18370,18182,18308,18308,135470000
2016-10-03,18280,18280,18204,18254,18254,68520000
2016-10-04,18268,18314,18116,18168,18168,79710000
2016-10-05,18206,18316,18206,18281,18281,76190000
2016-10-06,18280,18288,18163,18269,18269,78660000
2016-10-07,18295,18320,18149,18240,18240,82680000
2016-10-10,18283,18400,18283,18329,18329,72110000
2016-10-11,18308,18312,18062,18129,18129,88610000
2016-10-12,18133,18194,18082,18144,18144,72230000
2016-10-13,18088,18138,17960,18099,18099,83160000
2016-10-14,18177,18261,18138,18138,18138,87050000
2016-10-17,18136,18162,18063,18086,18086,75960000
2016-10-18,18145,18226,18129,18162,18162,74600000
2016-10-19,18178,18252,18169,18203,18203,88040000
2016-10-20,18162,18249,18129,18162,18162,88830000
2016-10-21,18153,18169,18050,18146,18146,117810000
2016-10-24,18197,18275,18191,18223,18223,88540000
2016-10-25,18207,18242,18152,18169,18169,83190000
2016-10-26,18104,18236,18062,18199,18199,86340000
2016-10-27,18235,18253,18149,18170,18170,83530000
2016-10-28,18194,18257,18095,18161,18161,107850000
2016-10-31,18177,18194,18131,18142,18142,110080000
2016-11-01,18158,18177,17941,18037,18037,101280000
2016-11-02,18018,18044,17932,17960,17960,88610000
2016-11-03,17979,18007,17904,17931,17931,77860000
2016-11-04,17928,17987,17884,17888,17888,97760000
2016-11-07,17995,18263,17995,18260,18260,93450000
2016-11-08,18251,18401,18201,18333,18333,79820000
2016-11-09,18317,18650,18253,18590,18590,173110000
2016-11-10,18603,18874,18603,18808,18808,164390000
2016-11-11,18782,18856,18737,18848,18848,107300000
2016-11-14,18877,18934,18816,18869,18869,112250000
2016-11-15,18858,18925,18806,18923,18923,100660000
2016-11-16,18910,18910,18826,18868,18868,87320000
2016-11-17,18866,18904,18845,18904,18904,89940000
2016-11-18,18905,18916,18854,18868,18868,109880000
2016-11-21,18899,18961,18883,18957,18957,80520000
2016-11-22,18970,19044,18963,19024,19024,85310000
2016-11-23,19016,19084,19000,19083,19083,77880000
2016-11-25,19094,19152,19094,19152,19152,45890000
2016-11-28,19122,19139,19072,19098,19098,88460000
2016-11-29,19064,19144,19062,19122,19122,81510000
2016-11-30,19136,19225,19123,19124,19124,164570000
2016-12-01,19149,19214,19139,19192,19192,108800000
2016-12-02,19161,19196,19141,19170,19170,84920000
2016-12-05,19244,19275,19187,19216,19216,317800000
2016-12-06,19220,19256,19185,19252,19252,284960000
2016-12-07,19242,19558,19230,19550,19550,385200000
2016-12-08,19560,19665,19528,19615,19615,324570000
2016-12-09,19631,19758,19623,19757,19757,334470000
2016-12-12,19770,19825,19748,19796,19796,333660000
2016-12-13,19852,19954,19846,19911,19911,388420000
2016-12-14,19876,19966,19749,19793,19793,408430000
2016-12-15,19812,19951,19812,19852,19852,357350000
2016-12-16,19909,19923,19821,19843,19843,573470000
2016-12-19,19837,19918,19833,19883,19883,302310000
2016-12-20,19921,19988,19920,19975,19975,284080000
2016-12-21,19969,19987,19942,19942,19942,256640000
2016-12-22,19923,19934,19882,19919,19919,258290000
2016-12-23,19909,19934,19899,19934,19934,158260000
2016-12-27,19943,19980,19940,19945,19945,158540000
2016-12-28,19964,19981,19827,19834,19834,188350000
2016-12-29,19835,19878,19789,19820,19820,172040000
2016-12-30,19833,19853,19719,19763,19763,271910000
2017-01-03,19873,19939,19776,19882,19882,339180000
2017-01-04,19891,19956,19879,19942,19942,280010000
2017-01-05,19925,19949,19811,19899,19899,269920000
2017-01-06,19907,20000,19834,19964,19964,277700000
2017-01-09,19931,19944,19887,19887,19887,287510000
2017-01-10,19876,19957,19836,19856,19856,299410000
2017-01-11,19887,19973,19833,19954,19954,336150000
2017-01-12,19926,19929,19770,19891,19891,306290000
2017-01-13,19913,19952,19849,19886,19886,263780000
2017-01-17,19849,19883,19775,19827,19827,341900000
2017-01-18,19823,19828,19739,19805,19805,279760000
2017-01-19,19814,19824,19678,19732,19732,301750000
2017-01-20,19795,19844,19759,19827,19827,435260000
2017-01-23,19795,19834,19732,19800,19800,326690000
2017-01-24,19795,19949,19787,19913,19913,374460000
2017-01-25,19994,20082,19994,20069,20069,372240000
2017-01-26,20076,20126,20068,20101,20101,356730000
2017-01-27,20103,20116,20073,20094,20094,343130000
2017-01-30,20029,20029,19870,19971,19971,317280000
2017-01-31,19913,19918,19785,19864,19864,373750000
2017-02-01,19924,19968,19846,19891,19891,426670000
2017-02-02,19858,19923,19831,19885,19885,347220000
2017-02-03,19964,20081,19964,20071,20071,344220000
2017-02-06,20026,20095,20003,20052,20052,281720000
2017-02-07,20108,20155,20069,20090,20090,279670000
2017-02-08,20049,20068,20015,20054,20054,280410000
2017-02-09,20062,20206,20062,20172,20172,325310000
2017-02-10,20211,20298,20205,20269,20269,312230000
2017-02-13,20339,20441,20323,20412,20412,314620000
2017-02-14,20374,20504,20374,20504,20504,356580000
2017-02-15,20504,20620,20496,20612,20612,384380000
2017-02-16,20627,20640,20557,20620,20620,354120000
2017-02-17,20564,20624,20533,20624,20624,340620000
2017-02-21,20663,20758,20663,20743,20743,336880000
2017-02-22,20715,20782,20692,20776,20776,310530000
2017-02-23,20817,20841,20746,20810,20810,302110000
2017-02-24,20752,20822,20734,20822,20822,292540000
2017-02-27,20809,20851,20775,20837,20837,256540000
2017-02-28,20834,20841,20781,20812,20812,339210000
2017-03-01,20957,21169,20957,21116,21116,392820000
2017-03-02,21129,21129,20997,21003,21003,319910000
2017-03-03,21009,21040,20954,21006,21006,254420000
2017-03-06,20956,20986,20912,20954,20954,266620000
2017-03-07,20935,20971,20901,20925,20925,274630000
2017-03-08,20940,20951,20836,20856,20856,296780000
2017-03-09,20864,20901,20777,20858,20858,275960000
2017-03-10,20919,20940,20828,20903,20903,315430000
2017-03-13,20899,20926,20846,20881,20881,289260000
2017-03-14,20849,20874,20786,20837,20837,246820000
2017-03-15,20875,20977,20860,20950,20950,306590000
2017-03-16,20969,21000,20894,20935,20935,264360000
2017-03-17,20965,20981,20911,20915,20915,535280000
2017-03-20,20916,20955,20886,20906,20906,253610000
2017-03-21,20956,20970,20653,20668,20668,369320000
2017-03-22,20640,20686,20579,20661,20661,325090000
2017-03-23,20645,20758,20619,20657,20657,280050000
2017-03-24,20674,20718,20530,20597,20597,292980000
2017-03-27,20488,20578,20413,20551,20551,269380000
2017-03-28,20542,20736,20520,20702,20702,299670000
2017-03-29,20676,20685,20625,20659,20659,238320000
2017-03-30,20663,20754,20644,20728,20728,270900000
2017-03-31,20700,20723,20661,20663,20663,303770000
2017-04-03,20665,20692,20518,20650,20650,285670000
2017-04-04,20635,20701,20605,20689,20689,237390000
2017-04-05,20745,20888,20640,20648,20648,284980000
2017-04-06,20654,20746,20612,20663,20663,251720000
2017-04-07,20648,20726,20607,20656,20656,219730000
2017-04-10,20668,20750,20615,20658,20658,230480000
2017-04-11,20644,20660,20513,20651,20651,255120000
2017-04-12,20638,20643,20553,20592,20592,267670000
2017-04-13,20562,20612,20453,20453,20453,235810000
2017-04-17,20485,20644,20485,20637,20637,229240000
2017-04-18,20561,20600,20462,20523,20523,263180000
2017-04-19,20504,20547,20380,20404,20404,294790000
2017-04-20,20407,20630,20407,20579,20579,312440000
2017-04-21,20578,20601,20505,20548,20548,369600000
2017-04-24,20724,20792,20724,20764,20764,342400000
2017-04-25,20916,21027,20909,20996,20996,348180000
2017-04-26,21010,21071,20972,20975,20975,328550000
2017-04-27,20991,21006,20936,20981,20981,305690000
2017-04-28,20987,20988,20927,20941,20941,329990000
2017-05-01,20963,20977,20898,20913,20913,288160000
2017-05-02,20941,20961,20904,20950,20950,338810000
2017-05-03,20915,20973,20874,20958,20958,310920000
2017-05-04,20988,20991,20848,20951,20951,274720000
2017-05-05,20929,21007,20905,21007,21007,260960000
2017-05-08,20991,21018,20971,21012,21012,276150000
2017-05-09,21022,21047,20938,20976,20976,273000000
2017-05-10,20958,20976,20884,20943,20943,283340000
2017-05-11,20926,20933,20799,20919,20919,287680000
2017-05-12,20893,20916,20870,20897,20897,288500000
2017-05-15,20924,21001,20924,20982,20982,313170000
2017-05-16,20984,21034,20933,20980,20980,311580000
2017-05-17,20846,20846,20601,20607,20607,423200000
2017-05-18,20580,20759,20553,20663,20663,422590000
2017-05-19,20698,20857,20688,20805,20805,365180000
2017-05-22,20868,20914,20860,20895,20895,276120000
2017-05-23,20909,20961,20896,20938,20938,244950000
2017-05-24,20949,21023,20934,21012,21012,283180000
2017-05-25,21063,21112,21051,21083,21083,268970000
2017-05-26,21070,21093,21050,21080,21080,208000000
2017-05-30,21045,21064,21010,21029,21029,242810000
2017-05-31,21048,21052,20943,21009,21009,371580000
2017-06-01,21031,21144,20994,21144,21144,276730000
2017-06-02,21142,21225,21130,21206,21206,329700000
2017-06-05,21195,21224,21169,21184,21184,269790000
2017-06-06,21145,21180,21118,21136,21136,283550000
2017-06-07,21172,21190,21113,21174,21174,273400000
2017-06-08,21170,21266,21138,21183,21183,330330000
2017-06-09,21209,21305,21159,21272,21272,397200000
2017-06-12,21260,21277,21186,21236,21236,528080000
2017-06-13,21257,21333,21257,21328,21328,323510000
2017-06-14,21343,21392,21294,21375,21375,295090000
2017-06-15,21292,21367,21262,21360,21360,317200000
2017-06-16,21336,21384,21308,21384,21384,603260000
2017-06-19,21445,21529,21436,21529,21529,289400000
2017-06-20,21521,21535,21464,21467,21467,310200000
2017-06-21,21466,21493,21390,21410,21410,292500000
2017-06-22,21408,21456,21395,21397,21397,270680000
2017-06-23,21381,21422,21334,21395,21395,368400000
2017-06-26,21435,21506,21381,21410,21410,241880000
2017-06-27,21411,21441,21311,21311,21311,292170000
2017-06-28,21372,21479,21372,21455,21455,271510000
2017-06-29,21487,21487,21197,21287,21287,336750000
2017-06-30,21349,21426,21325,21350,21350,313260000
2017-07-03,21392,21563,21392,21479,21479,186810000
2017-07-05,21493,21505,21405,21478,21478,273690000
2017-07-06,21424,21433,21305,21320,21320,320450000
2017-07-07,21355,21426,21351,21414,21414,242240000
2017-07-10,21381,21446,21371,21409,21409,270340000
2017-07-11,21410,21442,21279,21409,21409,247570000
2017-07-12,21468,21581,21468,21532,21532,267870000
2017-07-13,21537,21569,21512,21553,21553,232270000
2017-07-14,21533,21682,21522,21638,21638,235590000
2017-07-17,21634,21662,21618,21630,21630,244780000
2017-07-18,21590,21590,21471,21575,21575,251110000
2017-07-19,21569,21641,21566,21641,21641,253040000
2017-07-20,21642,21662,21577,21612,21612,313950000
2017-07-21,21592,21593,21504,21580,21580,362830000
2017-07-24,21578,21578,21496,21513,21513,284080000
2017-07-25,21639,21671,21577,21613,21613,304300000
2017-07-26,21690,21743,21683,21711,21711,278240000
2017-07-27,21717,21798,21688,21797,21797,407320000
2017-07-28,21788,21841,21756,21830,21830,285630000
2017-07-31,21863,21930,21862,21891,21891,307610000
2017-08-01,21961,21991,21941,21964,21964,328410000
2017-08-02,22004,22036,21967,22016,22016,336820000
2017-08-03,22008,22045,21991,22026,22026,278730000
2017-08-04,22058,22093,22025,22093,22093,253640000
2017-08-07,22100,22121,22082,22118,22118,213010000
2017-08-08,22095,22179,22057,22085,22085,262000000
2017-08-09,22022,22057,21997,22049,22049,277800000
2017-08-10,21988,21988,21844,21844,21844,303310000
2017-08-11,21883,21911,21843,21858,21858,237790000
2017-08-14,21946,22019,21946,21994,21994,235030000
2017-08-15,22030,22039,21971,21999,21999,269070000
2017-08-16,22032,22086,22002,22025,22025,264920000
2017-08-17,21985,21985,21750,21751,21751,311030000
2017-08-18,21725,21793,21642,21675,21675,309070000
2017-08-21,21671,21719,21600,21704,21704,277880000
2017-08-22,21740,21913,21738,21900,21900,244980000
2017-08-23,21850,21867,21808,21812,21812,234810000
2017-08-24,21840,21870,21766,21783,21783,228480000
2017-08-25,21819,21907,21813,21814,21814,217570000
2017-08-28,21833,21861,21768,21808,21808,218740000
2017-08-29,21718,21879,21674,21865,21865,227340000
2017-08-30,21860,21914,21839,21892,21892,242840000
2017-08-31,21936,21986,21911,21948,21948,376790000
2017-09-01,21982,22039,21975,21988,21988,256240000
2017-09-05,21912,21921,21710,21753,21753,332840000
2017-09-06,21816,21849,21794,21808,21808,318760000
2017-09-07,21820,21850,21746,21785,21785,333810000
2017-09-08,21764,21847,21731,21798,21798,289400000
2017-09-11,21928,22067,21928,22057,22057,312770000
2017-09-12,22091,22135,22087,22119,22119,364580000
2017-09-13,22103,22158,22096,22158,22158,291890000
2017-09-14,22145,22216,22135,22203,22203,297780000
2017-09-15,22252,22275,22215,22268,22268,527540000
2017-09-18,22298,22356,22283,22331,22331,302740000
2017-09-19,22350,22386,22341,22371,22371,295570000
2017-09-20,22351,22413,22315,22413,22413,334560000
2017-09-21,22414,22420,22357,22359,22359,287390000
2017-09-22,22334,22364,22300,22350,22350,297140000
2017-09-25,22320,22360,22219,22296,22296,332430000
2017-09-26,22322,22369,22280,22284,22284,285990000
2017-09-27,22331,22371,22255,22341,22341,342900000
2017-09-28,22307,22395,22289,22381,22381,263010000
2017-09-29,22358,22406,22333,22405,22405,274790000
2017-10-02,22423,22559,22416,22558,22558,268530000
2017-10-03,22564,22646,22563,22642,22642,238830000
2017-10-04,22646,22686,22633,22662,22662,235730000
2017-10-05,22669,22777,22655,22775,22775,246400000
2017-10-06,22762,22774,22731,22774,22774,221450000
2017-10-09,22780,22803,22739,22761,22761,310770000
2017-10-10,22785,22851,22771,22831,22831,319270000
2017-10-11,22828,22873,22822,22873,22873,316000000
2017-10-12,22855,22885,22821,22841,22841,291790000
2017-10-13,22876,22905,22856,22872,22872,259560000
2017-10-16,22893,22960,22887,22957,22957,247180000
2017-10-17,22952,23002,22948,22997,22997,273090000
2017-10-18,23087,23173,23087,23158,23158,271870000
2017-10-19,23107,23167,23053,23163,23163,350400000
2017-10-20,23205,23329,23202,23329,23329,474380000
2017-10-23,23349,23368,23274,23274,23274,456830000
2017-10-24,23347,23485,23343,23442,23442,406850000
2017-10-25,23431,23452,23251,23329,23329,399560000
2017-10-26,23381,23460,23381,23401,23401,370600000
2017-10-27,23419,23449,23353,23434,23434,518870000
2017-10-30,23406,23429,23328,23349,23349,436900000
2017-10-31,23369,23406,23334,23377,23377,388050000
2017-11-01,23443,23518,23389,23435,23435,361260000
2017-11-02,23463,23531,23351,23516,23516,348040000
2017-11-03,23550,23557,23482,23539,23539,312250000
2017-11-06,23534,23575,23521,23548,23548,325190000
2017-11-07,23574,23602,23484,23557,23557,285080000
2017-11-08,23543,23575,23511,23563,23563,264670000
2017-11-09,23492,23517,23310,23462,23462,305440000
2017-11-10,23433,23452,23393,23422,23422,351280000
2017-11-13,23367,23462,23343,23440,23440,491260000
2017-11-14,23388,23414,23272,23409,23409,561330000
2017-11-15,23335,23345,23243,23271,23271,404300000
2017-11-16,23365,23492,23365,23458,23458,402020000
2017-11-17,23434,23434,23356,23358,23358,386000000
2017-11-20,23371,23457,23361,23430,23430,315330000
2017-11-21,23500,23618,23500,23591,23591,329650000
2017-11-22,23597,23606,23508,23526,23526,268760000
2017-11-24,23553,23599,23552,23558,23558,118610000
2017-11-27,23553,23639,23545,23581,23581,296320000
2017-11-28,23625,23850,23617,23837,23837,319240000
2017-11-29,23883,23960,23873,23941,23941,401410000
2017-11-30,24014,24328,24014,24272,24272,488200000
2017-12-01,24305,24322,23922,24232,24232,417910000
2017-12-04,24424,24534,24288,24290,24290,424250000
2017-12-05,24335,24350,24155,24181,24181,371190000
2017-12-06,24172,24229,24134,24141,24141,312720000
2017-12-07,24117,24263,24101,24211,24211,319060000
2017-12-08,24263,24330,24226,24329,24329,293590000
2017-12-11,24338,24390,24315,24386,24386,300580000
2017-12-12,24453,24553,24444,24505,24505,342220000
2017-12-13,24525,24666,24518,24585,24585,325280000
2017-12-14,24631,24672,24509,24509,24509,314780000
2017-12-15,24586,24689,24584,24652,24652,635740000
2017-12-18,24740,24876,24740,24792,24792,354880000
2017-12-19,24834,24850,24716,24755,24755,335330000
2017-12-20,24838,24852,24697,24727,24727,341790000
2017-12-21,24778,24851,24766,24782,24782,339530000
2017-12-22,24764,24784,24718,24754,24754,255140000
2017-12-26,24716,24778,24708,24746,24746,208290000
2017-12-27,24767,24790,24732,24774,24774,225890000
2017-12-28,24807,24839,24797,24838,24838,200960000
2017-12-29,24850,24872,24719,24719,24719,270760000
2018-01-02,24809,24864,24742,24824,24824,341130000
2018-01-03,24850,24942,24826,24923,24923,456790000
2018-01-04,24965,25106,24963,25075,25075,403280000
2018-01-05,25115,25300,25112,25296,25296,358020000
2018-01-08,25308,25312,25235,25283,25283,341390000
2018-01-09,25312,25440,25308,25386,25386,333490000
2018-01-10,25348,25405,25257,25369,25369,341470000
2018-01-11,25399,25575,25396,25575,25575,346830000
2018-01-12,25638,25810,25633,25803,25803,376390000
2018-01-16,25988,26086,25703,25793,25793,606520000
2018-01-17,25911,26130,25865,26116,26116,522720000
2018-01-18,26150,26153,25947,26018,26018,492780000
2018-01-19,25987,26072,25943,26072,26072,585000000
2018-01-22,26025,26215,25975,26215,26215,431200000
2018-01-23,26215,26246,26144,26211,26211,433490000
2018-01-24,26282,26393,26107,26252,26252,518790000
2018-01-25,26313,26458,26260,26393,26393,401390000
2018-01-26,26467,26617,26425,26617,26617,477780000
2018-01-29,26584,26609,26435,26439,26439,421000000
2018-01-30,26198,26257,26028,26077,26077,448330000
2018-01-31,26268,26338,26051,26149,26149,479130000
2018-02-01,26083,26307,26014,26187,26187,410620000
2018-02-02,26062,26062,25491,25521,25521,522880000
2018-02-05,25338,25521,23924,24346,24346,714450000
2018-02-06,24085,24946,23779,24913,24913,823940000
2018-02-07,24893,25294,24785,24893,24893,504620000
2018-02-08,24902,24904,23849,23860,23860,657500000
2018-02-09,23993,24382,23360,24191,24191,735030000
2018-02-12,24338,24765,24290,24601,24601,496610000
2018-02-13,24540,24706,24421,24640,24640,374410000
2018-02-14,24536,24926,24490,24893,24893,431160000
2018-02-15,25048,25204,24809,25200,25200,416780000
2018-02-16,25166,25432,25149,25219,25219,406730000
2018-02-20,25125,25179,24884,24965,24965,421510000
2018-02-21,24988,25268,24793,24798,24798,456070000
2018-02-22,24855,25157,24855,24962,24962,378900000
2018-02-23,25051,25314,25029,25310,25310,335420000
2018-02-26,25403,25733,25399,25709,25709,473360000
2018-02-27,25736,25800,25408,25410,25410,438390000
2018-02-28,25485,25576,25022,25029,25029,451870000
2018-03-01,25024,25185,24443,24609,24609,506280000
2018-03-02,24395,24592,24218,24538,24538,437130000
2018-03-05,24471,24961,24387,24875,24875,383910000
2018-03-06,24966,24995,24708,24884,24884,331770000
2018-03-07,24758,24850,24535,24801,24801,394070000
2018-03-08,24853,24950,24703,24895,24895,327300000
2018-03-09,25005,25336,25005,25336,25336,371570000
2018-03-12,25372,25449,25152,25179,25179,362580000
2018-03-13,25258,25376,24948,25007,25007,447880000
2018-03-14,25087,25130,24669,24758,24758,356830000
2018-03-15,24837,25054,24753,24874,24874,316310000
2018-03-16,24877,25031,24857,24947,24947,654240000
2018-03-19,24894,24894,24453,24611,24611,377990000
2018-03-20,24651,24804,24651,24727,24727,342510000
2018-03-21,24723,24978,24655,24682,24682,343230000
2018-03-22,24526,24526,23939,23958,23958,439280000
2018-03-23,23995,24108,23509,23533,23533,482550000
2018-03-26,23826,24232,23741,24203,24203,479540000
2018-03-27,24277,24446,23709,23858,23858,524480000
2018-03-28,23883,24092,23729,23848,23848,530040000
2018-03-29,23949,24314,23928,24103,24103,463550000
2018-04-02,24077,24124,23345,23644,23644,509820000
2018-04-03,23698,24044,23664,24033,24033,394130000
2018-04-04,23654,24309,23523,24264,24264,388540000
2018-04-05,24314,24622,24314,24505,24505,347790000
2018-04-06,24374,24434,23738,23933,23933,395990000
2018-04-09,24038,24373,23955,23979,23979,380790000
2018-04-10,24199,24511,24199,24408,24408,368590000
2018-04-11,24274,24367,24151,24189,24189,286360000
2018-04-12,24303,24592,24303,24483,24483,336130000
2018-04-13,24583,24646,24244,24360,24360,331890000
2018-04-16,24483,24675,24480,24573,24573,305070000
2018-04-17,24682,24859,24682,24787,24787,342410000
2018-04-18,24821,24833,24721,24748,24748,302030000
2018-04-19,24711,24762,24557,24665,24665,381110000
2018-04-20,24657,24678,24375,24463,24463,537770000
2018-04-23,24488,24537,24329,24449,24449,351030000
2018-04-24,24580,24580,23829,24024,24024,468180000
2018-04-25,24070,24146,23823,24084,24084,437100000
2018-04-26,24129,24402,24129,24322,24322,390360000
2018-04-27,24342,24359,24194,24311,24311,392810000
2018-04-30,24410,24498,24163,24163,24163,416650000
2018-05-01,24117,24117,23808,24099,24099,380070000
2018-05-02,24098,24186,23886,23925,23925,385350000
2018-05-03,23836,23996,23531,23930,23930,389240000
2018-05-04,23865,24333,23779,24263,24263,329480000
2018-05-07,24318,24479,24263,24357,24357,307670000
2018-05-08,24341,24412,24198,24360,24360,344940000
2018-05-09,24399,24586,24324,24543,24543,361580000
2018-05-10,24592,24795,24576,24740,24740,304210000
2018-05-11,24759,24869,24718,24831,24831,274150000
2018-05-14,24879,24994,24863,24899,24899,282860000
2018-05-15,24810,24810,24629,24706,24706,301900000
2018-05-16,24722,24801,24673,24769,24769,280810000
2018-05-17,24752,24839,24639,24714,24714,314650000
2018-05-18,24708,24775,24665,24715,24715,269700000
2018-05-21,24883,25086,24883,25013,25013,308920000
2018-05-22,25048,25065,24812,24834,24834,288200000
2018-05-23,24758,24889,24667,24887,24887,399610000
2018-05-24,24877,24877,24606,24812,24812,347050000
2018-05-25,24781,24824,24688,24753,24753,257210000
2018-05-29,24607,24635,24248,24361,24361,395810000
2018-05-30,24468,24714,24459,24668,24668,324870000
2018-05-31,24621,24621,24352,24416,24416,429740000
2018-06-01,24542,24674,24542,24635,24635,315710000
2018-06-04,24728,24859,24722,24814,24814,340400000
2018-06-05,24820,24839,24711,24800,24800,306340000
2018-06-06,24854,25146,24854,25146,25146,316090000
2018-06-07,25192,25326,25164,25241,25241,357680000
2018-06-08,25209,25326,25166,25317,25317,317510000
2018-06-11,25337,25403,25290,25322,25322,276740000
2018-06-12,25347,25364,25247,25321,25321,265750000
2018-06-13,25329,25362,25191,25201,25201,329700000
2018-06-14,25255,25333,25139,25175,25175,341170000
2018-06-15,25117,25131,24894,25090,25090,659370000
2018-06-18,24944,25003,24826,24987,24987,337070000
2018-06-19,24764,24764,24568,24700,24700,376380000
2018-06-20,24771,24805,24628,24658,24658,359520000
2018-06-21,24639,24639,24407,24462,24462,349570000
2018-06-22,24527,24663,24527,24581,24581,473970000
2018-06-25,24464,24464,24084,24253,24253,439130000
2018-06-26,24282,24384,24241,24283,24283,301130000
2018-06-27,24303,24569,24116,24118,24118,313790000
2018-06-28,24064,24308,23997,24216,24216,305020000
2018-06-29,24324,24510,24270,24271,24271,329070000
2018-07-02,24162,24319,24078,24307,24307,244110000
2018-07-03,24359,24445,24151,24175,24175,160960000
2018-07-05,24286,24373,24177,24357,24357,237670000
2018-07-06,24352,24520,24281,24456,24456,219450000
2018-07-09,24519,24797,24518,24777,24777,240580000
2018-07-10,24807,24945,24807,24920,24920,235040000
2018-07-11,24789,24815,24664,24700,24700,237370000
2018-07-12,24803,24940,24803,24925,24925,233150000
2018-07-13,24926,25043,24890,25019,25019,255520000
2018-07-16,25026,25072,24980,25064,25064,231270000
2018-07-17,25034,25155,24990,25120,25120,250450000
2018-07-18,25134,25215,25101,25199,25199,252870000
2018-07-19,25139,25154,25053,25065,25065,285760000
2018-07-20,25041,25124,24986,25058,25058,274080000
2018-07-23,25037,25081,24983,25044,25044,228820000
2018-07-24,25092,25287,25092,25242,25242,274940000
2018-07-25,25184,25433,25114,25414,25414,273670000
2018-07-26,25469,25587,25463,25527,25527,297530000
2018-07-27,25521,25580,25370,25451,25451,329680000
2018-07-30,25439,25500,25287,25307,25307,296880000
2018-07-31,25345,25491,25345,25415,25415,348700000
2018-08-01,25462,25489,25278,25334,25334,315880000
2018-08-02,25256,25360,25120,25326,25326,307700000
2018-08-03,25360,25468,25325,25463,25463,239020000
2018-08-06,25437,25540,25381,25502,25502,238990000
2018-08-07,25552,25693,25552,25629,25629,239910000
2018-08-08,25616,25634,25557,25584,25584,217770000
2018-08-09,25590,25613,25493,25509,25509,214970000
2018-08-10,25401,25401,25223,25313,25313,234480000
2018-08-13,25327,25381,25154,25188,25188,219990000
2018-08-14,25216,25340,25202,25300,25300,219210000
2018-08-15,25235,25235,24966,25162,25162,295810000
2018-08-16,25295,25607,25295,25559,25559,342430000
2018-08-17,25551,25728,25522,25669,25669,284160000
2018-08-20,25728,25790,25716,25759,25759,248570000
2018-08-21,25787,25889,25785,25822,25822,241620000
2018-08-22,25825,25836,25722,25734,25734,200480000
2018-08-23,25715,25763,25608,25657,25657,213270000
2018-08-24,25689,25826,25689,25790,25790,200330000
2018-08-27,25883,26068,25883,26050,26050,220510000
2018-08-28,26093,26122,26038,26064,26064,211470000
2018-08-29,26083,26168,26035,26125,26125,214960000
2018-08-30,26099,26104,25935,25987,25987,240440000
2018-08-31,25965,26029,25880,25965,25965,273440000
2018-09-04,25916,25972,25806,25952,25952,254600000
2018-09-05,25920,26011,25871,25975,25975,289210000
2018-09-06,25973,26074,25881,25996,25996,262380000
2018-09-07,25951,26003,25818,25917,25917,281350000
2018-09-10,25992,26040,25854,25857,25857,252170000
2018-09-11,25841,26020,25754,25971,25971,265960000
2018-09-12,25989,26146,25929,25999,25999,282770000
2018-09-13,26084,26192,26067,26146,26146,260800000
2018-09-14,26170,26211,26068,26155,26155,228640000
2018-09-17,26152,26184,26030,26062,26062,230230000
2018-09-18,26076,26317,26076,26247,26247,243000000
2018-09-19,26288,26464,26281,26406,26406,251330000
2018-09-20,26519,26697,26519,26657,26657,260480000
2018-09-21,26726,26769,26680,26744,26744,657620000
2018-09-24,26705,26710,26549,26562,26562,254850000
2018-09-25,26602,26635,26476,26492,26492,234110000
2018-09-26,26537,26606,26349,26385,26385,262620000
2018-09-27,26418,26557,26380,26440,26440,226350000
2018-09-28,26408,26516,26384,26458,26458,264030000
2018-10-01,26598,26738,26596,26651,26651,238320000
2018-10-02,26649,26825,26628,26774,26774,258290000
2018-10-03,26833,26952,26789,26828,26828,280130000
2018-10-04,26784,26794,26472,26627,26627,289600000
2018-10-05,26633,26676,26302,26447,26447,267100000
2018-10-08,26399,26529,26223,26487,26487,273020000
2018-10-09,26469,26540,26324,26431,26431,282560000
2018-10-10,26442,26488,25567,25599,25599,438200000
2018-10-11,25518,25684,24900,25053,25053,522880000
2018-10-12,25408,25468,25001,25340,25340,397510000
2018-10-15,25332,25482,25244,25251,25251,287320000
2018-10-16,25352,25818,25352,25798,25798,305800000
2018-10-17,25706,25810,25479,25707,25707,298210000
2018-10-18,25646,25691,25236,25379,25379,328020000
2018-10-19,25421,25609,25350,25444,25444,350810000
2018-10-22,25492,25561,25236,25317,25317,314940000
2018-10-23,25038,25308,24769,25191,25191,436430000
2018-10-24,25173,25306,24533,24583,24583,496400000
2018-10-25,24737,25104,24646,24985,24985,439670000
2018-10-26,24770,24916,24445,24688,24688,505310000
2018-10-29,24819,25041,24122,24443,24443,443850000
2018-10-30,24482,24907,24416,24875,24875,470050000
2018-10-31,25009,25337,25009,25116,25116,448930000
2018-11-01,25142,25396,25108,25381,25381,383970000
2018-11-02,25444,25579,25079,25271,25271,429480000
2018-11-05,25261,25507,25261,25462,25462,334740000
2018-11-06,25453,25652,25445,25635,25635,265450000
2018-11-07,25788,26200,25766,26180,26180,361780000
2018-11-08,26140,26278,26082,26191,26191,295650000
2018-11-09,26149,26161,25883,25989,25989,324450000
2018-11-12,25959,25967,25341,25387,25387,346910000
2018-11-13,25321,25511,25194,25286,25286,339690000
2018-11-14,25388,25501,24936,25081,25081,384240000
2018-11-15,25061,25355,24788,25289,25289,392750000
2018-11-16,25242,25510,25148,25413,25413,354460000
2018-11-19,25393,25393,24901,25017,25017,358090000
2018-11-20,24619,24707,24369,24466,24466,445920000
2018-11-21,24542,24670,24463,24465,24465,289370000
2018-11-23,24336,24409,24269,24286,24286,155940000
2018-11-26,24364,24673,24364,24640,24640,306280000
2018-11-27,24557,24751,24416,24749,24749,308250000
2018-11-28,24833,25369,24833,25366,25366,362160000
2018-11-29,25344,25479,25203,25339,25339,305110000
2018-11-30,25307,25550,25251,25538,25538,482250000
2018-12-03,25780,25980,25671,25826,25826,388480000
2018-12-04,25753,25773,25008,25027,25027,418900000
2018-12-06,24737,24951,24242,24948,24948,471690000
2018-12-07,24919,25096,24285,24389,24389,398230000
2018-12-10,24361,24501,23881,24423,24423,389690000
2018-12-11,24720,24791,24221,24370,24370,342960000
2018-12-12,24509,24828,24509,24527,24527,344330000
2018-12-13,24576,24741,24473,24597,24597,299970000
2018-12-14,24408,24431,24034,24101,24101,416940000
2018-12-17,23987,24088,23457,23593,23593,466740000
2018-12-18,23769,23928,23516,23676,23676,408070000
2018-12-19,23693,24057,23163,23324,23324,503550000
2018-12-20,23224,23282,22644,22860,22860,576700000
2018-12-21,22872,23255,22396,22445,22445,900510000
2018-12-24,22317,22340,21792,21792,21792,308420000
2018-12-26,21858,22879,21713,22878,22878,433080000
2018-12-27,22629,23139,22267,23139,23139,407940000
2018-12-28,23214,23382,22981,23062,23062,336510000
2018-12-31,23154,23333,23118,23327,23327,288830000
2019-01-02,23059,23413,22929,23346,23346,321570000
2019-01-03,23176,23176,22638,22686,22686,424240000
2019-01-04,22895,23519,22895,23433,23433,396020000
2019-01-07,23474,23688,23302,23531,23531,334200000
2019-01-08,23680,23865,23581,23787,23787,317420000
2019-01-09,23844,24085,23703,23879,23879,324570000
2019-01-10,23811,24015,23703,24002,24002,338150000
2019-01-11,23940,23996,23798,23996,23996,262650000
2019-01-14,23881,23965,23765,23910,23910,277560000
2019-01-15,23914,24099,23888,24066,24066,291570000
2019-01-16,24140,24289,24120,24207,24207,302830000
2019-01-17,24147,24474,24089,24370,24370,288590000
2019-01-18,24534,24750,24459,24706,24706,372970000
2019-01-22,24608,24608,24244,24404,24404,338480000
2019-01-23,24577,24701,24307,24576,24576,318600000
2019-01-24,24580,24626,24423,24553,24553,320170000
2019-01-25,24687,24860,24677,24737,24737,376890000
2019-01-28,24597,24597,24324,24528,24528,347170000
2019-01-29,24520,24675,24504,24580,24580,330870000
2019-01-30,24827,25110,24791,25015,25015,397330000
2019-01-31,24954,25050,24842,25000,25000,507350000
2019-02-01,25025,25193,24982,25064,25064,372090000
2019-02-04,25062,25240,24978,25239,25239,298540000
2019-02-05,25288,25427,25288,25412,25412,310650000
2019-02-06,25372,25439,25312,25390,25390,247590000
2019-02-07,25266,25314,25001,25170,25170,295460000
2019-02-08,25042,25106,24883,25106,25106,248210000
2019-02-11,25143,25197,25009,25053,25053,241700000
2019-02-12,25152,25459,25152,25426,25426,278110000
2019-02-13,25481,25626,25481,25543,25543,263330000
2019-02-14,25461,25559,25308,25439,25439,313010000
2019-02-15,25565,25884,25565,25883,25883,328530000
2019-02-19,25850,25961,25820,25891,25891,280620000
2019-02-20,25872,25986,25846,25954,25954,287880000
2019-02-21,25922,25939,25762,25851,25851,255710000
2019-02-22,25906,26053,25906,26032,26032,279760000
2019-02-25,26126,26241,26081,26092,26092,281600000
2019-02-26,26052,26155,25966,26058,26058,257850000
2019-02-27,25996,26040,25877,25985,25985,255380000
2019-02-28,25984,26029,25897,25916,25916,338520000
2019-03-01,26020,26144,25914,26026,26026,289890000
2019-03-04,26122,26156,25612,25820,25820,295510000
2019-03-05,25829,25877,25726,25807,25807,252260000
2019-03-06,25819,25838,25634,25673,25673,256250000
2019-03-07,25645,25645,25353,25473,25473,289140000
2019-03-08,25347,25466,25252,25450,25450,270500000
2019-03-11,25208,25662,25208,25651,25651,309790000
2019-03-12,25600,25675,25522,25555,25555,317730000
2019-03-13,25637,25776,25571,25703,25703,331410000
2019-03-14,25692,25753,25621,25710,25710,302790000
2019-03-15,25721,25928,25650,25849,25849,616910000
2019-03-18,25802,25925,25786,25914,25914,303170000
2019-03-19,25988,26110,25815,25887,25887,342250000
2019-03-20,25868,25930,25671,25746,25746,321980000
2019-03-21,25688,26010,25658,25963,25963,335250000
2019-03-22,25845,25877,25501,25502,25502,386510000
2019-03-25,25491,25603,25372,25517,25517,303120000
2019-03-26,25650,25796,25545,25658,25658,305110000
2019-03-27,25676,25758,25425,25626,25626,270340000
2019-03-28,25693,25743,25577,25717,25717,237170000
2019-03-29,25827,25949,25772,25929,25929,300620000
2019-04-01,26075,26281,26072,26258,26258,295570000
2019-04-02,26214,26221,26122,26179,26179,250940000
2019-04-03,26238,26282,26138,26218,26218,271980000
2019-04-04,26213,26399,26213,26385,26385,233040000
2019-04-05,26428,26488,26371,26425,26425,229550000
2019-04-08,26313,26345,26246,26341,26341,229380000
2019-04-09,26244,26246,26103,26151,26151,244410000
2019-04-10,26174,26209,26101,26157,26157,203130000
2019-04-11,26188,26230,26063,26143,26143,211680000
2019-04-12,26358,26437,26310,26412,26412,369910000
2019-04-15,26408,26425,26316,26385,26385,250620000
2019-04-16,26482,26531,26397,26453,26453,302340000
2019-04-17,26469,26501,26392,26450,26450,367780000
2019-04-18,26463,26602,26445,26560,26560,332850000
2019-04-22,26511,26553,26459,26511,26511,232570000
2019-04-23,26514,26696,26504,26656,26656,311690000
2019-04-24,26653,26681,26583,26597,26597,283370000
2019-04-25,26426,26536,26310,26462,26462,296730000
2019-04-26,26455,26544,26393,26543,26543,317290000
2019-04-29,26560,26603,26521,26554,26554,279450000
2019-04-30,26595,26614,26419,26593,26593,340320000
2019-05-01,26639,26689,26426,26430,26430,303850000
2019-05-02,26407,26455,26180,26308,26308,287610000
2019-05-03,26379,26535,26370,26505,26505,248900000
2019-05-06,26161,26476,26034,26438,26438,283020000
2019-05-07,26277,26277,25790,25965,25965,334960000
2019-05-08,25934,26118,25889,25967,25967,276420000
2019-05-09,25879,25885,25517,25828,25828,334760000
2019-05-10,25764,26019,25470,25942,25942,294580000
2019-05-13,25568,25568,25223,25325,25325,361240000
2019-05-14,25384,25689,25384,25532,25532,291570000
2019-05-15,25400,25725,25342,25648,25648,270720000
2019-05-16,25692,25958,25692,25863,25863,320960000
2019-05-17,25720,25949,25658,25764,25764,283760000
2019-05-20,25655,25752,25561,25680,25680,279560000
2019-05-21,25782,25898,25780,25877,25877,260870000
2019-05-22,25818,25878,25755,25777,25777,241760000
2019-05-23,25658,25658,25328,25490,25490,316940000
2019-05-24,25551,25671,25496,25586,25586,201370000
2019-05-28,25617,25718,25342,25348,25348,358980000
2019-05-29,25231,25231,24938,25126,25126,298930000
2019-05-30,25140,25219,25067,25170,25170,215240000
2019-05-31,25046,25046,24810,24815,24815,292230000
2019-06-03,24830,24935,24681,24820,24820,328240000
2019-06-04,24963,25344,24963,25332,25332,281690000
2019-06-05,25451,25545,25374,25540,25540,262660000
2019-06-06,25567,25800,25518,25721,25721,248070000
2019-06-07,25769,26073,25769,25984,25984,263010000
2019-06-10,26090,26211,26054,26063,26063,249280000
2019-06-11,26181,26249,25999,26049,26049,253490000
2019-06-12,26040,26082,25959,26005,26005,223690000
2019-06-13,26037,26147,25996,26107,26107,213400000
2019-06-14,26076,26162,25988,26090,26090,208020000
2019-06-17,26109,26166,26050,26113,26113,199500000
2019-06-18,26229,26527,26228,26466,26466,273490000
2019-06-19,26490,26570,26415,26504,26504,240950000
2019-06-20,26665,26799,26540,26753,26753,278170000
2019-06-21,26749,26907,26706,26719,26719,485560000
2019-06-24,26728,26807,26723,26728,26728,232390000
2019-06-25,26732,26752,26528,26548,26548,282160000
2019-06-26,26599,26660,26536,26537,26537,274340000
2019-06-27,26524,26607,26465,26527,26527,246930000
2019-06-28,26606,26638,26522,26600,26600,499350000
2019-07-01,26806,26891,26616,26717,26717,267670000
2019-07-02,26720,26788,26633,26787,26787,219270000
2019-07-03,26832,26966,26831,26966,26966,149840000
2019-07-05,26868,26951,26733,26922,26922,192170000
2019-07-08,26836,26839,26745,26806,26806,214290000
2019-07-09,26725,26808,26666,26783,26783,218330000
2019-07-10,26852,26983,26813,26860,26860,207990000
2019-07-11,26950,27088,26916,27088,27088,252300000
2019-07-12,27139,27334,27135,27332,27332,248390000
2019-07-15,27365,27365,27294,27359,27359,199730000
2019-07-16,27349,27399,27290,27336,27336,226000000
2019-07-17,27321,27343,27218,27220,27220,193930000
2019-07-18,27192,27267,27069,27223,27223,216070000
2019-07-19,27246,27343,27146,27154,27154,287690000
2019-07-22,27174,27228,27089,27172,27172,216310000
2019-07-23,27232,27369,27205,27349,27349,248850000
2019-07-24,27262,27291,27191,27270,27270,244320000
2019-07-25,27247,27298,27062,27141,27141,241420000
2019-07-26,27166,27214,27123,27192,27192,233650000
2019-07-29,27192,27276,27178,27221,27221,250850000
2019-07-30,27145,27224,27070,27198,27198,293250000
2019-07-31,27245,27282,26720,26864,26864,385150000
2019-08-01,26880,27176,26549,26583,26583,386320000
2019-08-02,26529,26570,26249,26485,26485,327640000
2019-08-05,26259,26259,25523,25718,25718,422240000
2019-08-06,25811,26039,25711,26030,26030,318160000
2019-08-07,25814,26073,25440,26007,26007,344790000
2019-08-08,26087,26384,26038,26378,26378,282530000
2019-08-09,26337,26413,26098,26287,26287,240260000
2019-08-12,26170,26179,25825,25896,25896,199390000
2019-08-13,25889,26427,25833,26280,26280,308900000
2019-08-14,26035,26035,25472,25479,25479,352250000
2019-08-15,25514,25640,25340,25579,25579,332600000
2019-08-16,25678,25930,25678,25886,25886,276210000
2019-08-19,26020,26222,26020,26136,26136,252640000
2019-08-20,26087,26160,25952,25962,25962,238100000
2019-08-21,26145,26268,26142,26203,26203,208790000
2019-08-22,26272,26389,26099,26252,26252,222810000
2019-08-23,26134,26320,25507,25629,25629,364260000
2019-08-26,25826,25941,25716,25899,25899,222780000
2019-08-27,26014,26054,25722,25778,25778,263530000
2019-08-28,25713,26042,25637,26036,26036,207070000
2019-08-29,26249,26409,26186,26362,26362,208650000
2019-08-30,26476,26515,26296,26403,26403,216160000
2019-09-03,26198,26198,25978,26118,26118,223210000
2019-09-04,26302,26362,26244,26355,26355,202710000
2019-09-05,26603,26836,26603,26728,26728,256670000
2019-09-06,26790,26861,26708,26797,26797,209700000
2019-09-09,26866,26901,26762,26836,26836,273120000
2019-09-10,26806,26909,26717,26909,26909,322340000
2019-09-11,26928,27137,26885,27137,27137,272590000
2019-09-12,27197,27307,27105,27182,27182,250010000
2019-09-13,27217,27278,27194,27220,27220,255260000
2019-09-16,27146,27173,27033,27077,27077,220620000
2019-09-17,27010,27111,26984,27111,27111,223580000
2019-09-18,27075,27162,26899,27147,27147,212860000
2019-09-19,27186,27272,27064,27095,27095,212360000
2019-09-20,27102,27195,26927,26935,26935,497640000
2019-09-23,26851,27011,26831,26950,26950,204240000
2019-09-24,27034,27080,26705,26808,26808,301750000
2019-09-25,26867,27017,26756,26971,26971,237220000
2019-09-26,27004,27015,26804,26891,26891,229180000
2019-09-27,26987,27013,26716,26820,26820,217780000
2019-09-30,26852,26999,26852,26917,26917,222680000
2019-10-01,26963,27046,26562,26573,26573,260110000
2019-10-02,26426,26438,25974,26079,26079,309640000
2019-10-03,26039,26205,25743,26201,26201,241610000
2019-10-04,26272,26591,26272,26574,26574,221310000
2019-10-07,26502,26656,26425,26478,26478,195200000
2019-10-08,26277,26422,26140,26164,26164,244590000
2019-10-09,26308,26424,26250,26346,26346,190060000
2019-10-10,26317,26603,26315,26497,26497,217680000
2019-10-11,26694,27014,26694,26817,26817,282080000
2019-10-14,26766,26874,26749,26787,26787,178620000
2019-10-15,26811,27120,26811,27025,27025,245510000
2019-10-16,26972,27058,26943,27002,27002,214660000
2019-10-17,27032,27112,26970,27026,27026,222540000
2019-10-18,27004,27018,26770,26770,26770,288970000
2019-10-21,26853,26853,26748,26828,26828,241030000
2019-10-22,26850,26947,26783,26788,26788,265510000
2019-10-23,26835,26897,26745,26834,26834,247680000
2019-10-24,26894,26932,26714,26806,26806,253590000
2019-10-25,26790,27015,26766,26958,26958,274610000
2019-10-28,27040,27168,27029,27091,27091,290770000
2019-10-29,27061,27166,27040,27071,27071,269610000
2019-10-30,27111,27204,27000,27187,27187,231750000
2019-10-31,27188,27188,26918,27046,27046,273830000
2019-11-01,27143,27347,27143,27347,27347,270870000
2019-11-04,27402,27518,27402,27462,27462,273030000
2019-11-05,27500,27560,27454,27493,27493,286350000
2019-11-06,27503,27526,27408,27493,27493,237910000
2019-11-07,27590,27775,27590,27675,27675,259020000
2019-11-08,27686,27695,27579,27681,27681,221440000
2019-11-11,27581,27714,27518,27691,27691,202350000
2019-11-12,27702,27771,27635,27691,27691,213670000
2019-11-13,27622,27806,27587,27784,27784,278390000
2019-11-14,27757,27801,27677,27782,27782,303970000
2019-11-15,27844,28005,27844,28005,28005,283720000
2019-11-18,27993,28041,27969,28036,28036,252320000
2019-11-19,28080,28090,27895,27934,27934,245890000
2019-11-20,27880,27897,27675,27821,27821,258140000
2019-11-21,27820,27828,27708,27766,27766,232020000
2019-11-22,27831,27898,27774,27876,27876,214780000
2019-11-25,27918,28069,27918,28066,28066,248420000
2019-11-26,28081,28146,28042,28122,28122,324050000
2019-11-27,28156,28175,28075,28164,28164,198210000
2019-11-29,28103,28120,28043,28051,28051,120630000
2019-12-02,28110,28110,27782,27783,27783,236610000
2019-12-03,27502,27525,27325,27503,27503,275350000
2019-12-04,27635,27727,27612,27650,27650,218200000
2019-12-05,27736,27745,27563,27678,27678,208600000
2019-12-06,27840,28036,27840,28015,28015,223310000
2019-12-09,27987,28010,27906,27910,27910,217000000
2019-12-10,27901,27949,27804,27882,27882,213250000
2019-12-11,27867,27926,27802,27911,27911,213510000
2019-12-12,27898,28225,27860,28132,28132,277740000
2019-12-13,28124,28291,28028,28135,28135,250660000
2019-12-16,28192,28337,28192,28236,28236,286770000
2019-12-17,28222,28329,28221,28267,28267,286770000
2019-12-18,28291,28323,28239,28239,28239,289890000
2019-12-19,28278,28381,28278,28377,28377,262570000
2019-12-20,28609,28609,28446,28455,28455,603780000
2019-12-23,28492,28582,28492,28552,28552,223530000
2019-12-24,28573,28577,28503,28515,28515,86150000
2019-12-26,28539,28624,28535,28621,28621,155970000
2019-12-27,28675,28702,28609,28645,28645,182280000
2019-12-30,28655,28665,28429,28462,28462,181600000
